seasonType,eventId,commentaryOrder,playId,clockDisplayValue,commentaryText,updateDateTime,penalty_position,penalty_direction,save,goal,miss
13481,740598,56,45665257,55',"Goal! Brighton and Hove Albion 1, Fulham 0. Matt O'Riley (Brighton and Hove Albion) converts the penalty with a left footed shot to the bottom left corner.",2025-08-17 00:58:39,9,bottom left,0,1,0
13481,740599,66,45685738,78',"Goal! Nottingham Forest 3, Brentford 1. Igor Thiago (Brentford) converts the penalty with a right footed shot to the centre of the goal.",2025-08-20 00:56:38,5,middle center,0,1,0
13481,740605,64,45703508,84',"Goal! Leeds United 1, Everton 0. Lukas Nmecha (Leeds United) converts the penalty with a right footed shot to the bottom right corner.",2025-08-18 21:44:01,7,bottom right,0,1,0
13481,740606,84,45735968,90'+5',"Goal! Arsenal 5, Leeds United 0. Viktor Gyökeres (Arsenal) converts the penalty with a right footed shot to the bottom left corner.",2025-08-24 00:58:03,9,bottom left,0,1,0
13481,740611,75,45747772,77',Penalty saved. Danny Welbeck (Brighton and Hove Albion) right footed shot saved in the bottom right corner by Jordan Pickford (Everton).,2025-08-24 14:10:13,7,bottom right,1,0,0
13481,740616,19,45811566,21',"Goal! Aston Villa 0, Crystal Palace 1. Jean-Philippe Mateta (Crystal Palace) converts the penalty with a right footed shot to the bottom left corner.",2025-09-01 01:11:18,9,bottom left,0,1,0
13481,740617,78,45807652,67',"Goal! Brighton and Hove Albion 1, Manchester City 1. James Milner (Brighton and Hove Albion) converts the penalty with a right footed shot to the bottom left corner.",2025-09-02 01:11:26,9,bottom left,0,1,0
13481,740618,69,45789450,56',"Goal! Chelsea 2, Fulham 0. Enzo Fernández (Chelsea) converts the penalty with a right footed shot to the centre of the goal.",2025-08-31 01:08:09,5,middle center,0,1,0
13481,740621,99,45794245,90'+7',"Goal! Manchester United 3, Burnley 2. Bruno Fernandes (Manchester United) converts the penalty with a right footed shot to the bottom left corner.",2025-08-31 01:08:09,9,bottom left,0,1,0
13481,740622,79,45807905,88',"Goal! Nottingham Forest 0, West Ham United 2. Lucas Paquetá (West Ham United) converts the penalty with a left footed shot to the bottom left corner.",2025-09-02 01:11:26,9,bottom left,0,1,0
13481,740623,51,45792530,59',Penalty saved. Kevin Schade (Brentford) right footed shot saved in the bottom left corner by Robin Roefs (Sunderland).,2025-08-31 01:08:09,9,bottom left,1,0,0
13481,740623,76,45793546,82',"Goal! Sunderland 1, Brentford 1. Enzo Le Fée (Sunderland) converts the penalty with a right footed shot to the bottom right corner.",2025-08-31 01:08:09,7,bottom right,0,1,0
13481,740633,104,45890387,90'+5',"Goal! Burnley 0, Liverpool 1. Mohamed Salah (Liverpool) converts the penalty with a left footed shot to the top right corner.",2025-09-15 01:16:59,1,top right,0,1,0
13481,740635,63,45871522,61',"Goal! Bournemouth 2, Brighton and Hove Albion 1. Antoine Semenyo (Bournemouth) converts the penalty with a right footed shot to the centre of the goal.",2025-09-14 01:28:00,5,middle center,0,1,0
13481,740649,68,45987368,76',Penalty saved. Bruno Fernandes (Manchester United) right footed shot saved in the bottom right corner by Caoimhín Kelleher (Brentford).,2025-09-28 01:17:47,7,bottom right,1,0,0
13481,740656,81,46066080,67',"Goal! Arsenal 2, West Ham United 0. Bukayo Saka (Arsenal) converts the penalty with a left footed shot to the bottom right corner.",2025-10-05 01:22:57,7,bottom right,0,1,0
13481,740661,78,46083830,76',"Goal! Everton 1, Crystal Palace 1. Iliman Ndiaye (Everton) converts the penalty with a right footed shot to the bottom left corner.",2025-10-06 07:03:28,9,bottom left,0,1,0
13481,740664,114,46084034,84',"Goal! Newcastle United 2, Nottingham Forest 0. Nick Woltemade (Newcastle United) converts the penalty with a right footed shot to the top left corner.",2025-10-06 07:03:28,3,top left,0,1,0
13481,740668,102,46166848,90'+7',"Goal! Crystal Palace 3, Bournemouth 3. Jean-Philippe Mateta (Crystal Palace) converts the penalty with a right footed shot to the bottom left corner.",2025-10-19 01:22:21,9,bottom left,0,1,0
13481,740679,48,46236646,60',"Goal! Brentford 3, Liverpool 1. Igor Thiago (Brentford) converts the penalty with a right footed shot to the centre of the goal.",2025-10-26 01:23:25,5,middle center,0,1,0
13481,740684,25,46243902,42',"Goal! Wolverhampton Wanderers 1, Burnley 2. Jørgen Strand Larsen (Wolverhampton Wanderers) converts the penalty with a right footed shot to the bottom right corner.",2025-10-27 01:19:29,7,bottom right,0,1,0
13481,740697,91,46369157,67',Penalty saved. Antoine Semenyo (Bournemouth) right footed shot saved in the bottom left corner by Emiliano Martínez (Aston Villa).,2025-11-10 01:11:26,9,bottom left,1,0,0
13481,740698,81,46369376,78',"Goal! Brentford 2, Newcastle United 1. Igor Thiago (Brentford) converts the penalty with a right footed shot to the bottom right corner.",2025-11-10 01:11:26,7,bottom right,0,1,0
13481,740702,12,46370599,13',Penalty saved. Erling Haaland (Manchester City) left footed shot saved in the bottom right corner by Giorgi Mamardashvili (Liverpool).,2025-11-10 01:11:26,7,bottom right,1,0,0
13481,740703,100,46369750,90'+1',"Goal! Nottingham Forest 3, Leeds United 1. Elliot Anderson (Nottingham Forest) converts the penalty with a right footed shot to the bottom left corner.",2025-11-10 01:11:26,9,bottom left,0,1,0
13481,740706,24,46435524,29',"Goal! Brighton and Hove Albion 0, Brentford 1. Igor Thiago (Brentford) converts the penalty with a right footed shot to the bottom left corner.",2025-11-23 01:10:53,9,bottom left,0,1,0
13481,740706,90,46438878,90'+4',Penalty saved. Igor Thiago (Brentford) right footed shot saved in the bottom left corner by Bart Verbruggen (Brighton and Hove Albion).,2025-11-23 01:10:53,9,bottom left,1,0,0
13481,740715,70,46437661,69',"Goal! Bournemouth 1, West Ham United 2. Marcus Tavernier (Bournemouth) converts the penalty with a left footed shot to the high centre of the goal.",2025-11-23 01:10:53,5,middle center,0,1,0
13481,740717,87,46488991,68',Penalty saved. Lukas Nmecha (Leeds United) right footed shot saved in the bottom right corner by Gianluigi Donnarumma (Manchester City).,2025-11-30 01:17:06,7,bottom right,1,0,0
13481,740718,67,46489377,81',"Goal! Brentford 1, Burnley 0. Igor Thiago (Brentford) converts the penalty with a right footed shot to the bottom left corner.",2025-11-30 01:17:06,9,bottom left,0,1,0
13481,740718,71,46489532,85',"Goal! Brentford 1, Burnley 1. Zian Flemming (Burnley) converts the penalty with a right footed shot to the bottom right corner.",2025-11-30 01:17:06,7,bottom right,0,1,0
13481,740724,35,46486823,30',"Goal! Sunderland 1, Bournemouth 2. Enzo Le Fée (Sunderland) converts the penalty with a right footed shot to the high centre of the goal.",2025-11-30 01:17:06,5,middle center,0,1,0
13481,740725,35,46497947,36',"Goal! Crystal Palace 1, Manchester United 0. Jean-Philippe Mateta (Crystal Palace) converts the penalty with a right footed shot to the bottom right corner.",2025-12-01 01:15:18,7,bottom right,0,1,0
13481,740729,88,46516136,86',"Goal! Newcastle United 2, Tottenham Hotspur 1. Anthony Gordon (Newcastle United) converts the penalty with a right footed shot to the bottom right corner.",2025-12-03 01:08:53,7,bottom right,0,1,0
13481,740737,103,46562223,82',"Goal! Wolverhampton Wanderers 1, Manchester United 4. Bruno Fernandes (Manchester United) converts the penalty with a right footed shot to the bottom left corner.",2025-12-09 01:04:56,9,bottom left,0,1,0
13481,740741,48,46539279,45'+8',"Goal! Newcastle United 2, Burnley 0. Anthony Gordon (Newcastle United) converts the penalty with a right footed shot to the bottom left corner.",2025-12-08 01:12:54,9,bottom left,0,1,0
13481,740741,103,46541883,90'+4',"Goal! Newcastle United 2, Burnley 1. Zian Flemming (Burnley) converts the penalty with a right footed shot to the bottom right corner.",2025-12-08 01:12:54,7,bottom right,0,1,0
13481,740742,89,46543841,73',"Goal! Leeds United 1, Liverpool 2. Dominic Calvert-Lewin (Leeds United) converts the penalty with a right footed shot to the top right corner.",2025-12-08 01:12:54,1,top right,0,1,0
13481,740747,71,46601997,89',"Goal! Crystal Palace 0, Manchester City 3. Erling Haaland (Manchester City) converts the penalty with a left footed shot to the bottom right corner.",2025-12-14 18:52:18,7,bottom right,0,1,0
13481,740757,10,46639861,27',"Goal! Everton 0, Arsenal 1. Viktor Gyökeres (Arsenal) converts the penalty with a right footed shot to the top left corner.",2025-12-21 22:37:15,3,top left,0,1,0
13481,740758,43,46657567,45'+5',"Goal! Fulham 1, Nottingham Forest 0. Raúl Jiménez (Fulham) converts the penalty with a right footed shot to the bottom left corner.",2025-12-22 22:35:17,9,bottom left,0,1,0
13481,740759,99,46641090,90'+2',"Goal! Leeds United 3, Crystal Palace 1. Justin Devenny (Crystal Palace) converts the penalty with a left footed shot to the bottom left corner.",2025-12-21 22:37:15,9,bottom left,0,1,0
13481,740761,88,46635929,88',Penalty saved. Jørgen Strand Larsen (Wolverhampton Wanderers) right footed shot saved in the bottom right corner by Caoimhín Kelleher (Brentford).,2025-12-21 22:37:15,7,bottom right,1,0,0
13481,740779,13,46685311,15',"Goal! Chelsea 1, Bournemouth 1. Cole Palmer (Chelsea) converts the penalty with a left footed shot to the bottom left corner.",2026-01-01 00:09:17,9,bottom left,0,1,0
13481,740785,31,46685462,32',"Goal! West Ham United 1, Brighton and Hove Albion 1. Danny Welbeck (Brighton and Hove Albion) converts the penalty with a right footed shot to the bottom left corner.",2026-01-01 00:09:17,9,bottom left,0,1,0
13481,740785,57,46685650,45'+4',"Goal! West Ham United 2, Brighton and Hove Albion 1. Lucas Paquetá (West Ham United) converts the penalty with a left footed shot to the bottom right corner.",2026-01-01 00:09:17,7,bottom right,0,1,0
13481,740787,21,46693753,31',"Goal! Wolverhampton Wanderers 2, West Ham United 0. Hwang Hee-Chan (Wolverhampton Wanderers) converts the penalty with a right footed shot to the centre of the goal.",2026-01-04 00:14:04,5,middle center,0,1,0
13481,740798,65,46710485,60',Penalty saved. Enzo Le Fée (Sunderland) right footed shot saved in the centre of the goal by Caoimhín Kelleher (Brentford).,2026-01-08 05:53:16,5,middle center,1,0,0
13481,740801,90,46708736,89',"Goal! West Ham United 1, Nottingham Forest 2. Morgan Gibbs-White (Nottingham Forest) converts the penalty with a right footed shot to the centre of the goal.",2026-01-07 06:04:16,5,middle center,0,1,0
13481,740803,38,46710025,41',"Goal! Manchester City 1, Brighton and Hove Albion 0. Erling Haaland (Manchester City) converts the penalty with a left footed shot to the bottom right corner.",2026-01-09 05:54:00,7,bottom right,0,1,0
13481,740804,44,46710840,45'+5',"Goal! Newcastle United 1, Leeds United 2. Dominic Calvert-Lewin (Leeds United) converts the penalty with a right footed shot to the centre of the goal.",2026-01-08 05:53:16,5,middle center,0,1,0
13481,740804,92,46711608,90'+1',"Goal! Newcastle United 3, Leeds United 3. Bruno Guimarães (Newcastle United) converts the penalty with a right footed shot to the bottom right corner.",2026-01-08 05:53:16,7,bottom right,0,1,0
13481,740807,27,46800019,32',"Goal! Brighton and Hove Albion 0, Bournemouth 1. Marcus Tavernier (Bournemouth) converts the penalty with a left footed shot to the bottom left corner.",2026-01-20 05:51:20,9,bottom left,0,1,0
13481,740808,68,46776931,76',"Goal! Chelsea 2, Brentford 0. Cole Palmer (Chelsea) converts the penalty with a left footed shot to the bottom right corner.",2026-01-18 05:49:03,7,bottom right,0,1,0
13481,740820,57,46839957,64',"Goal! Crystal Palace 0, Chelsea 3. Enzo Fernández (Chelsea) converts the penalty with a right footed shot to the bottom right corner.",2026-01-26 05:53:35,7,bottom right,0,1,0
13481,740825,23,46824079,28',"Goal! West Ham United 2, Sunderland 0. Jarrod Bowen (West Ham United) converts the penalty with a left footed shot to the bottom right corner.",2026-01-25 05:55:03,7,bottom right,0,1,0
13481,740832,39,46889332,45'+2',"Goal! Nottingham Forest 1, Crystal Palace 1. Ismaïla Sarr (Crystal Palace) converts the penalty with a right footed shot to the centre of the goal.",2026-02-02 05:58:40,5,middle center,0,1,0
13481,740833,81,46890296,85',"Goal! Manchester United 2, Fulham 1. Raúl Jiménez (Fulham) converts the penalty with a right footed shot to the top left corner.",2026-02-02 05:58:40,3,top left,0,1,0
13481,740840,13,46926597,13',"Goal! Wolverhampton Wanderers 0, Chelsea 1. Cole Palmer (Chelsea) converts the penalty with a left footed shot to the bottom right corner.",2026-02-09 06:04:58,7,bottom right,0,1,0
13481,740840,38,46927246,35',"Goal! Wolverhampton Wanderers 0, Chelsea 2. Cole Palmer (Chelsea) converts the penalty with a left footed shot to the bottom left corner.",2026-02-09 06:04:58,9,bottom left,0,1,0
13481,740844,48,46931441,45'+2',"Goal! Newcastle United 1, Brentford 2. Igor Thiago (Brentford) converts the penalty with a right footed shot to the bottom left corner.",2026-02-09 06:04:58,9,bottom left,0,1,0
13481,740844,91,46932199,79',"Goal! Newcastle United 2, Brentford 2. Bruno Guimarães (Newcastle United) converts the penalty with a right footed shot to the bottom right corner.",2026-02-09 06:04:58,7,bottom right,0,1,0
13481,740845,111,46945739,90'+3',"Goal! Liverpool 1, Manchester City 2. Erling Haaland (Manchester City) converts the penalty with a left footed shot to the bottom left corner.",2026-02-09 06:04:58,9,bottom left,0,1,0
13481,740848,64,46958433,58',"Goal! Chelsea 2, Leeds United 0. Cole Palmer (Chelsea) converts the penalty with a left footed shot to the bottom right corner.",2026-02-11 05:59:08,7,bottom right,0,1,0
13481,740848,75,46958579,67',"Goal! Chelsea 2, Leeds United 1. Lukas Nmecha (Leeds United) converts the penalty with a right footed shot to the bottom left corner.",2026-02-11 05:59:08,9,bottom left,0,1,0
13481,740852,41,46957899,42',"Goal! Everton 1, Bournemouth 0. Iliman Ndiaye (Everton) converts the penalty with a right footed shot to the bottom left corner.",2026-02-11 05:59:08,9,bottom left,0,1,0
13481,740859,68,47052763,61',"Goal! Sunderland 0, Fulham 2. Raúl Jiménez (Fulham) converts the penalty with a right footed shot to the bottom left corner.",2026-02-23 06:07:03,9,bottom left,0,1,0
13481,740859,82,47052988,76',"Goal! Sunderland 1, Fulham 2. Enzo Le Fée (Sunderland) converts the penalty with a right footed shot to the top left corner.",2026-02-23 06:07:03,3,top left,0,1,0
13481,740860,54,47052113,43',Penalty saved. Tolu Arokodare (Wolverhampton Wanderers) right footed shot saved in the bottom right corner by Dean Henderson (Crystal Palace).,2026-02-23 06:07:03,7,bottom right,1,0,0
13481,740875,65,47113857,57',"Goal! Manchester United 1, Crystal Palace 1. Bruno Fernandes (Manchester United) converts the penalty with a right footed shot to the bottom right corner.",2026-03-02 06:01:58,7,bottom right,0,1,0
13481,740881,87,47128394,70',"Goal! Leeds United 0, Sunderland 1. Habib Diarra (Sunderland) converts the penalty with a right footed shot to the centre of the goal.",2026-03-04 06:02:29,5,middle center,0,1,0
13481,740883,56,47136236,45'+6',"Goal! Newcastle United 1, Manchester United 0. Anthony Gordon (Newcastle United) converts the penalty with a right footed shot to the centre of the goal.",2026-03-05 06:07:30,5,middle center,0,1,0
13481,740884,56,47144228,40',"Goal! Tottenham Hotspur 1, Crystal Palace 1. Ismaïla Sarr (Crystal Palace) converts the penalty with a right footed shot to the bottom left corner.",2026-03-06 06:10:40,9,bottom left,0,1,0
13481,740890,45,47222363,45',"Penalty missed. Dominic Calvert-Lewin (Leeds United) right footed shot is close, but misses to the left.",2026-03-16 05:07:55,6,middle left,0,0,1
13481,740897,58,47267605,61',"Goal! Bournemouth 0, Manchester United 1. Bruno Fernandes (Manchester United) converts the penalty with a right footed shot to the bottom left corner.",2026-03-21 05:12:54,9,bottom left,0,1,0
13481,740897,77,47267898,81',"Goal! Bournemouth 2, Manchester United 2. Junior Kroupi (Bournemouth) converts the penalty with a right footed shot to the bottom left corner.",2026-03-21 05:12:54,9,bottom left,0,1,0
13481,740905,93,47276801,90'+5',"Goal! Fulham 3, Burnley 1. Raúl Jiménez (Fulham) converts the penalty with a right footed shot to the top left corner.",2026-03-22 05:10:26,3,top left,0,1,0
13481,740906,5,47421846,3',"Goal! Brentford 1, Everton 0. Igor Thiago (Brentford) converts the penalty with a right footed shot to the bottom left corner.",2026-04-12 05:08:50,9,bottom left,0,1,0
13481,740908,30,47420114,35',"Goal! Arsenal 1, Bournemouth 1. Viktor Gyökeres (Arsenal) converts the penalty with a right footed shot to the bottom left corner.",2026-04-12 05:08:50,9,bottom left,0,1,0
13481,740910,101,47440992,90'+4',"Goal! Crystal Palace 2, Newcastle United 1. Jean-Philippe Mateta (Crystal Palace) converts the penalty with a right footed shot to the bottom right corner.",2026-04-14 05:04:53,7,bottom right,0,1,0
13481,740924,102,47485809,90'+5',"Goal! Leeds United 3, Wolverhampton Wanderers 0. Dominic Calvert-Lewin (Leeds United) converts the penalty with a right footed shot to the bottom left corner.",2026-04-19 05:32:00,9,bottom left,0,1,0
13481,740938,29,47619199,32',"Goal! Bournemouth 2, Crystal Palace 0. Junior Kroupi (Bournemouth) converts the penalty with a right footed shot to the bottom left corner.",2026-05-04 05:00:08,9,bottom left,0,1,0
13481,740939,53,47603002,54',"Goal! Brentford 2, West Ham United 0. Igor Thiago (Brentford) converts the penalty with a right footed shot to the bottom right corner.",2026-05-03 05:11:12,7,bottom right,0,1,0
13481,740940,16,47632373,15',"Goal! Chelsea 0, Nottingham Forest 2. Igor Jesus (Nottingham Forest) converts the penalty with a right footed shot to the centre of the goal.",2026-05-05 05:03:52,5,middle center,0,1,0
13481,740940,52,47632443,45'+10',Penalty saved. Cole Palmer (Chelsea) left footed shot saved in the bottom left corner by Matz Sels (Nottingham Forest).,2026-05-05 05:03:52,9,bottom left,1,0,0
13481,740954,67,47683340,74',"Goal! Tottenham Hotspur 1, Leeds United 1. Dominic Calvert-Lewin (Leeds United) converts the penalty with a right footed shot to the bottom left corner.",2026-05-12 04:46:12,9,bottom left,0,1,0
13481,740959,6,47724378,6',"Goal! Brentford 0, Crystal Palace 1. Ismaïla Sarr (Crystal Palace) converts the penalty with a right footed shot to the bottom left corner.",2026-05-18 04:37:02,9,bottom left,0,1,0
13481,740965,40,47725450,45'+3',"Goal! Wolverhampton Wanderers 1, Fulham 1. Antonee Robinson (Fulham) converts the penalty with a left footed shot to the bottom left corner.",2026-05-18 04:37:02,9,bottom left,0,1,0
13481,740967,9,47763696,5',"Goal! Burnley 0, Wolverhampton Wanderers 1. Adam Armstrong (Wolverhampton Wanderers) converts the penalty with a right footed shot to the top right corner.",2026-05-25 04:39:32,1,top right,0,1,0
